-wgp1a,https://images.unsplash.com/photo-1438761681033-6461ffad8d80?ixlib=rb-1.2.1&q=80&fm=jpg&crop=entropy&cs=tinysrgb&w=400&fit=max
_seo-q,https://images.unsplash.com/photo-1503249023995-51b0f3778ccf?ixlib=rb-1.2.1&q=80&fm=jpg&crop=entropy&cs=tinysrgb&w=400&fit=max
r3jbba,https://images.unsplash.com/photo-1542103749-8ef59b94f47e?ixlib=rb-1.2.1&q=80&fm=jpg&crop=entropy&cs=tinysrgb&w=400&fit=max
g9rifq,https://images.unsplash.com/photo-1544723795-3fb6469f5b39?ixlib=rb-1.2.1&q=80&fm=jpg&crop=entropy&cs=tinysrgb&w=400&fit=max
k3ly0q,https://images.unsplash.com/photo-1544005313-94ddf0286df2?ixlib=rb-1.2.1&q=80&fm=jpg&crop=entropy&cs=tinysrgb&w=400&fit=max
-qlizw,https://images.unsplash.com/flagged/photo-1570612861542-284f4c12e75f?ixlib=rb-1.2.1&q=80&fm=jpg&crop=entropy&cs=tinysrgb&w=400&fit=max
0upqng,https://images.unsplash.com/photo-1494959764136-6be9eb3c261e?ixlib=rb-1.2.1&q=80&fm=jpg&crop=entropy&cs=tinysrgb&w=400&fit=max
63lv0q,https://images.unsplash.com/photo-1549068106-b024baf5062d?ixlib=rb-1.2.1&q=80&fm=jpg&crop=entropy&cs=tinysrgb&w=400&fit=max
v6lkua,https://images.unsplash.com/photo-1554151228-14d9def656e4?ixlib=rb-1.2.1&q=80&fm=jpg&crop=entropy&cs=tinysrgb&w=400&fit=max
ryyvbq,https://images.unsplash.com/photo-1506748686214-e9df14d4d9d0?ixlib=rb-1.2.1&q=80&fm=jpg&crop=entropy&cs=tinysrgb&w=400&fit=max
